{
  "generated_at": "2026-03-10T03:12:30.236Z",
  "mode": "strict_from_movements_without_avg_fallback",
  "affected_items": [
    "2efb484a-39cb-43b2-a7a8-f9c2a9b6de3f",
    "81e85ebf-1415-49a3-b9fa-0fcae3af6b8a",
    "aab26104-f64d-4c16-974e-242e994555a7",
    "a78e6f78-f060-4abe-9e21-5f9da8700bda",
    "b16e59e7-63a2-41b2-b865-9de89b444524",
    "08335762-4ac5-4ece-ba20-4a8e26741925",
    "7b94bb65-255c-49b7-9089-e556de0938ef",
    "efa91e13-9cb2-4fb1-b3f0-4f711c22e59a",
    "66530237-b448-4bd2-a53e-110b599b799b",
    "483e5961-7840-44b0-a5d5-35bf4d3fc26f",
    "88341c63-94c9-4a4c-87cc-e875fd573d03"
  ],
  "target_orders_count": 67,
  "before_mismatch_orders": 0,
  "repaired_orders": 67,
  "skipped_orders": [],
  "after_mismatch_orders": 0,
  "delta_before_total": 5.388851662443029e-13,
  "delta_after_total": 5.388851662443029e-13
}